{
    "distortion": [
        0.006505,  -0.004146 , -0.000396 , -0.000431
    ],
    "height": 720,
    "intrinsic": [
        [
            644.063,  0 , 646.575
        ],
        [
            0 , 644.935 , 359.540
        ],
        [
            0.0,
            0.0,
            1.0
        ]
    ],
    "width": 1280
}
