{
    "distortion": [
        [
            0.05198244193671867,
            0.07231815713720659,
            0.026703295930103593,
            0.02244493144084457,
            -0.0924514962606877
        ]
    ],
    "height": 1080,
    "intrinsic": [
        [
            1033.781319883927,
            0.0,
            1055.986576966194
        ],
        [
            0.0,
            1053.9230227785717,
            562.2846212656507
        ],
        [
            0.0,
            0.0,
            1.0
        ]
    ],
    "width": 1920
}