{
    "distortion": [
        [
            0.04628968504865869,
            -0.107024395451143,
            0.00025735214945624835,
            0.00635584620630177,
            0.042437580038683566
        ]
    ],
    "height": 1080,
    "intrinsic": [
        [
            969.7005301316887,
            0.0,
            974.9439496450264
        ],
        [
            0.0,
            967.024474246801,
            547.4133866879047
        ],
        [
            0.0,
            0.0,
            1.0
        ]
    ],
    "width": 1920
}