{
    "distortion": [
        [
            0.0,
            0.0,
            0.0,
            0.0,
            0.0
        ]
    ],
    "height": 1080,
    "intrinsic": [
        [
            1062.8758226707153,
            0.0,
            1005.1667910889141
        ],
        [
            0.0,
            1024.9169744847359,
            1199.070854314325
        ],
        [
            0.0,
            0.0,
            1.0
        ]
    ],
    "width": 1920
}