{
    "R": [
        [
            1.0,
            0.0,
            0.0
        ],
        [
            0.0,
            1.0,
            0.0
        ],
        [
            0.0,
            0.0,
            1.0
        ]
    ],
    "T": [
        [
            0.0
        ],
        [
            -0.375
        ],
        [
            -0.765
        ]
    ],
    "distortion": [
        0.0,
        0.0,
        0.0,
        0.0
    ],
    "height": 610,
    "intrinsic": [
        [
            622.3728813559322,
            0.0,
            480.0
        ],
        [
            0.0,
            622.3728813559322,
            305.08474576271186
        ],
        [
            0.0,
            0.0,
            1.0
        ]
    ],
    "width": 960
}