{
    "rotation": [
        [
            0.99986,
            0.00757098,
            -0.0149261
        ],
        [
            -0.00753884,
            0.999969,
            0.00220846
        ],
        [
            0.0149424,
            -0.00209562,
            0.999886
        ]
    ],
    "translation": [
        [
            0.0150075
        ],
        [
            0.000280456
        ],
        [
            0.000196977
        ]
    ]
}