{
    "rotation": [
        [
            0.999439654503413,
            -0.015043391082427674,
            0.02989672826437541
        ],
        [
            0.01517195033904249,
            0.9998768717463274,
            -0.004077820738505469
        ],
        [
            -0.029831775096479874,
            0.004529118411047392,
            0.9995449943631363
        ]
    ],
    "translation": [
        [
            -0.03000698658443878
        ],
        [
            -0.0009009673857983503
        ],
        [
            0.0002759728629313605
        ]
    ]
}