{
    "rotation": [
        [
            0.999859871542628,
            -0.007538839283537258,
            0.01494236108279998
        ],
        [
            0.007570982081595899,
            0.9999692876585772,
            -0.002095625838719967
        ],
        [
            -0.01492614182323658,
            0.0022084557546694266,
            0.9998863206688925
        ]
    ],
    "translation": [
        [
            -0.015006226010924894
        ],
        [
            -0.0003936561100382908
        ],
        [
            2.643009095869498e-05
        ]
    ]
}