{
    "R": [
        [
            -0.9966380025692956,
            -0.07626195112445047,
            -0.029946730128290397
        ],
        [
            -0.08021542301826567,
            0.8338453194889278,
            0.5461386903309535
        ],
        [
            -0.016678661357717568,
            0.5467047630825073,
            -0.8371593183368469
        ]
    ],
    "T": [
        [
            -0.43568596159171935
        ],
        [
            -1.2824119699571948
        ],
        [
            3.3002644566341326
        ]
    ]
}