{
    "R": [
        [
            -0.9966380025692956,
            -0.08021542301826565,
            -0.01667866135771755
        ],
        [
            -0.07626195112445043,
            0.8338453194889273,
            0.546704763082507
        ],
        [
            -0.02994673012829039,
            0.5461386903309534,
            -0.8371593183368471
        ]
    ],
    "T": [
        [
            -0.4820464118989453
        ],
        [
            -0.7681633405769175
        ],
        [
            3.450174566671844
        ]
    ]
}