{
    "R": [
        [
            -0.9992758609425527,
            -0.03205665589730991,
            0.020496940020436904
        ],
        [
            -0.014473908254723397,
            0.8184500926111006,
            0.5743952923594638
        ],
        [
            -0.0351889146941728,
            0.5736826794644942,
            -0.8183214060288809
        ]
    ],
    "T": [
        [
            0.7369669440745135
        ],
        [
            0.5160476548463195
        ],
        [
            0.28489966042911874
        ]
    ]
}