{
    "R": [
        [
            0.9980738994812542,
            -0.04764763983916127,
            -0.03972648476823271
        ],
        [
            0.048870307459292044,
            0.9983425244006906,
            0.03039567439769647
        ],
        [
            0.038212356942713153,
            -0.03227857479837187,
            0.998748171155206
        ]
    ],
    "T": [
        [
            -1.21806183897003
        ],
        [
            -0.755629436077277
        ],
        [
            3.3315921399048825
        ]
    ]
}